<?xml version = "1.0" encoding = "UTF-8"?>

<beans xmlns = "http://www.springframework.org/schema/beans"
   xmlns:xsi = "http://www.w3.org/2001/XMLSchema-instance"
   xsi:schemaLocation = "http://www.springframework.org/schema/beans
   http://www.springframework.org/schema/beans/spring-beans-3.0.xsd">

<bean id="a" class="com.nt.domain.Question">
<constructor-arg value="111"/>
<constructor-arg value="Rishabh"/>
<constructor-arg>
<list>
<value>what is java</value>
<value>what is spring</value>
<value>what is dark wave</value>


</list>



</constructor-arg>




</bean>




   </beans>