<?xml version = "1.0" encoding = "UTF-8"?>

<beans xmlns = "http://www.springframework.org/schema/beans"
   xmlns:xsi = "http://www.w3.org/2001/XMLSchema-instance"
   xsi:schemaLocation = "http://www.springframework.org/schema/beans
   http://www.springframework.org/schema/beans/spring-beans-4.3.xsd">

   <bean id ="sysDate" class="java.util.Date"/>
   
   <bean id="dobDate" class="java.util.Date">
   <property name="year" value="90"/>
    <property name="month" value="11"/>
     <property name="date" value="12"/>   
   </bean>
   <bean id="stDetails" class="com.nt.beans.StudentDetails">
   <property name="marks">
   <array>
   <value>100</value>
   <value>100</value>
   </array>
   </property>
   <property name="impDates">
   <list>
     <ref bean="sysDate"/>
     <ref bean="dobDate"/>
   </list>
   </property>
   </bean>
   <!-- __________________________________ --> 
   
   <bean id="clgDetails" class="com.nt.beans.StudentDetails">
   <property name="StudentNames">
   <list value-type="java.lang.String">
   <value>Darab</value>
   <value>mayank</value>
   <value>Rishabh</value>
   <value>panakaj</value>
   <value>manne</value>
   </list>
   </property>
   <property name="impDates">
   <list>
   <ref bean="sysDate"/>
     <ref bean="dobDate"/>
     <ref bean="dobDate"/>
   
   
   </list>
   
   
   </property>
   </bean>
 
   
</beans>