<?xml version = "1.0" encoding = "UTF-8"?>

<beans xmlns = "http://www.springframework.org/schema/beans"
   xmlns:xsi = "http://www.w3.org/2001/XMLSchema-instance"
   xsi:schemaLocation = "http://www.springframework.org/schema/beans
   http://www.springframework.org/schema/beans/spring-beans-3.0.xsd">
   
   <bean id="a1" class="com.nt.beans.TourPlan">
   <property name="place">
   <list>
   <value>DELHI</value>
   <value> BANGORE</value>
   <value>PRATAPGARH</value>
   
   </list>
   </property>
  </bean>
  
  <!-- 2nd plan -->
  <bean id="a2" class="com.nt.beans.TourPlan">
  <property name="place">
  <list>
  <value>New yark</value>
  <value>thailand</value>
  <value>Narway</value>
  
  </list>
</property>
</bean>
  <!-- 3rd way -->
  <bean id="a3" class="com.nt.beans. TravelAgent" autowire="constructor" >
  <constructor-arg ref="a2"/>
</bean>
  
  
  
  
  
   
   
   
   
</beans>