<?xml version = "1.0" encoding = "UTF-8"?>

<beans xmlns = "http://www.springframework.org/schema/beans"
   xmlns:xsi = "http://www.w3.org/2001/XMLSchema-instance"
   xsi:schemaLocation = "http://www.springframework.org/schema/beans
   http://www.springframework.org/schema/beans/spring-beans-3.0.xsd">
   <bean id="a1" class="com.nt.model.Address">
   <constructor-arg value="pbh"/>
   <constructor-arg value="up"/>
   <constructor-arg value="india"/>
   
   
   </bean>
   <bean id="a2" class="com.nt.model.Employee">
   
    <constructor-arg value="12" type="int"/>
    <constructor-arg value="Rishabh" />
   
   <constructor-arg >
   <ref bean="a1"/>
   </constructor-arg>
   
   </bean>
   
   </beans>