<?xml version = "1.0" encoding = "UTF-8"?>

<beans xmlns = "http://www.springframework.org/schema/beans"
   xmlns:xsi = "http://www.w3.org/2001/XMLSchema-instance"
   xsi:schemaLocation = "http://www.springframework.org/schema/beans
   http://www.springframework.org/schema/beans/spring-beans-4.3.xsd">
   
   <bean id="st" class="com.nt.beans.Student">
   
    <constuctor-arg value="101" type="int"/>
    <constuctor-arg value="84.54" type="float"/>
   
    <constuctor-arg value="raja" type="java.lang.String"/>
   
   
   
   
   </bean>
   <bean id="st" class="com.nt.beans.Marks">
   
    <constuctor-arg value="30" index="2"/>
    <constuctor-arg value="84" type="1"/>
   
    <constuctor-arg value="10" type="0"/>
   
   
   
   
   </bean>
  
   <bean id="st" class="com.nt.beans.Faculty">
   
    <constuctor-arg value="101" index="2"/>
    <constuctor-arg value="84" type="1"/>
   
    <constuctor-arg value="10" type="0"/>
   
   
   
   
   </bean>
   
   
   
   
   </beans>